S.NO,Hospital,State,City,LocalAddress,Pincode
0,A A Hospital,Tamilnadu,Hosur,Denkani Kottai Road Mathigiri,635110
1,A C Hospital,Tamilnadu,Chennai,"No-8, 3Rd Main Road, United India Nagar, Ayanavaram, Chennai-600023",600023
5,A.C. Hospital,Tamilnadu,Salem,"201,2Nd Agraharam",636001
6,A.G. Eye Care Hospitals (U Nit Of Dr. A.G. Eye Hospitals Private Limited,Tamilnadu,Chennai,"No. 106, R.K. Mutt Road. Mylapore, Chennai, Tamilnadu",600004
7,A.G. Hospital,Tamilnadu,Coimbatore,"34, Kpn Colony 3Rd Street, Tirupur",641601
8,A.G. Padmavati'S Hospital Ltd.,Tamilnadu,Pondicherry,"R.S. No.127/A, Villianur Main Road, Arumparthapuram, Puducherry",605110
15,A.N.N Hospital,Tamilnadu,Chennai,"81-85,Annai Therasa Street,Valasaravakkam",600087
18,A.R.Hospital Pvt Ltd,Tamilnadu,Madurai,"609, K.K.Nagar, Madurai-625020",625020
20,A.V. Hospitals,Tamilnadu,Chennai,"# 172, Solaiappan Street, Tondirepet (North Chennai) Near Maharani Theatre",600021
22,A.V.M. Hospital A.V.M.M. Associates (P) Ltd,Tamilnadu,Tuticorin,"# 135, Palayamkottai Roadtuticorin",628003
33,Aakash Hospital,Tamilnadu,Chennai,"# 393/1, T.H. Road, (Annexe) 393/1, Tiruvottiyur.Tiruvallur",600019
39,Aarthi Hospital,Tamilnadu,Tirunelveli,"60,Santhaipettai Street",628502
40,Aarthy Eye Hospital,Tamilnadu,Karur,"#16, Sengunthapuram Main Road, Karur.",639002
59,Abdul Khadir Hospital,Tamilnadu,Nagercoil,"Parakkai Road,Elankadai,Kottar",629002
68,Abhijay Hospital (P) Ltd.,Tamilnadu,Chennai,"No.22/2, E.S.I Hospital Road,Peravallur,",600011
78,Abinand Hospital,Tamilnadu,Coimbatore,"237-F/7, Pollachi Main Road,Sundarapuram, Coimbatore",641024
79,Abiraami Hospital,Tamilnadu,Cuddalore,"24-Alc,Campus,Manjakuppam",607001
80,Acchutha Eye Care,Tamilnadu,Erode,"#H-3, Evn Road, Permar Nagar, Near Surampatti Nall Road, Erode-638009",638009
106,Adithya Speciality Hospital,Tamilnadu,Madurai,"277, G.S.T Main Road, Near Harveypatty Bus Stop, Thirunagar, Madurai - 625006",625006
116,Aditya Hospital,Tamilnadu,Chennai,"No.7, Barnbay Road, Kilpauk, Chennai-600010",600010
132,Adyar P.M. Hospital,Tamilnadu,Chennai,"# 58, L.B. Road, Adyar, Chennai-600020Chennai",600020
139,Agash Nursing Home,Tamilnadu,Chennai,"#234, G.S.T. Road, Chromepet",600044
169,Ak Hospital,Tamilnadu,Chennai,"360 Poonamallee High Road,Junction Of Ph Rd &",600029
173,Akilesh Orthopaedics Hospitals,Tamilnadu,Coimbatore,"95-97, Sasthiri Road, Rammagar.",641009
217,Alva Hospital Pvt Ltd,Tamilnadu,Pollachi,"74/A2, Meenkarai Road,Pollachi Coimbatore",642013
222,Amaravathi Hospital,Tamilnadu,Karur,"#74, Ramanujam Nagar, Kovai Road, Karur, Tamilnadu.",639002
240,Amma Hospital,Tamilnadu,Chennai,"# 1, Sowrastra Nagar7Th Street, Chennai",600094
241,Amma Hospital,Tamilnadu,Krishnagiri,"Bangalore Road, Hosur Town",635109
242,Ammayi Eye Hospital,Tamilnadu,Chennai,"New # 80, 7Th Avenue, Ashoknagar, Chennai-600083",600083
246,Amrit Medicare Pvt Ltd,Tamilnadu,Chennai,"No.310,Mint Street,Near Sowcarpet, Chennai-600079",600079
255,Amudha Poly Clinic And Hospital,Tamilnadu,Erode,"101,Athani Road,Sathyamangalam,Erode",638401
265,Anand Hospital,Tamilnadu,Chennai,"201, Kamaraj Salai,Manali,Chennaimanali",600068
274,Anand Hospitals,Tamilnadu,Tiruppur,"#97/54,Jg Nagar,2Nd Street,60 Feet Road,",641602
296,Anbu Hospital,Tamilnadu,Madurai,"No.150/1,Kamarajar Salai,",625009
297,Anbu Hospital,Tamilnadu,Tanjore,"# 4,5, Lakshmivilas Street, Kumbakonam",612001
299,Andhra Mahila Sabha,Tamilnadu,Chennai,"No.11 & 12, Dr.Durgabaideshmukh Road, R.A.Puram,",600028
306,Anjakha Hospital,Tamilnadu,Kanchipuram,"#23,Medavakkam Main Road,Madipakkam",600091
317,Annai Ent And Head & Neck Care Centre,Tamilnadu,Erode,"#12D,Palaniappa Street,Perundurai Road",638009
318,Annai Hospital,Tamilnadu,Kanyakumari,"5-82/1, Kurumbanai Road, Karungal, Kanyakumari, Tamilnadu",629157
319,Annai Velankanni Nursing Home,Tamilnadu,Tirunelveli,"Post Box No.107, Murugan Kurichi, Palayamkottai.",627002
320,Annamalai Hospital,Tamilnadu,Chennai,"# 27, Govindan Raod, West Mambalam, Near Srinivasa Theatre",600033
321,Annammal Hospital,Tamilnadu,Kuzhithurai,Kuzhithurai,629163
332,Anu Hospital,Tamilnadu,Tanjore,"#69,Trichy Road,Very Near To Railway Station",613007
351,Aparna Hospital,Tamilnadu,Coimbatore,"450-D,Palaghat Main Road,Kuniamuthu",641008
376,Apollo First Med Hospitals,Tamilnadu,Chennai,"No 154, Poonamallee High Road, Near Neyveli House, Kilpauk, Chennai - 6000No 154, Poonamallee High Road, Near Neyveli House, Kilpauk, Chennai - 6000",600010
379,Apollo Hospital ( T.H.Road-Chennai),Tamilnadu,Chennai,"#645, T.H.Road, Tondiarpet",600081
387,Apollo Hospitals (Greams Road-Chennai),Tamilnadu,Chennai,"#21, Greams Lane,Greams Road, Chennai-600006",600006
391,Apollo Hospitals Karaikudi,Tamilnadu,Karaikudi,"Madurai Main Road, Managiri Village Karaikodi, Tamilnadu-630307, Near, Chettinad Public School",630307
395,Apollo Speciality Hospital (Chennai),Tamilnadu,Chennai,"No 320 5Th Floor, Padma Complex, Anna Salai, Near Lr Swami Building, Nandanam, Chennai, Tamil Nadu",600035
396,Apollo Speciality Hospital (Madurai),Tamilnadu,Madurai,"20,Lake View, Kk Nagar,",625020
403,Appasamy Medicare Centre Pvt Ltd,Tamilnadu,Chennai,"23-25, Friends Avenue, Arumbakkam, Chennaiarumbakkam",600106
407,Appusami Hospital,Tamilnadu,Salem,"# 8Z/A, Gandhi Road,Salem-636007.",636007
409,Arasan Eye Hospital,Tamilnadu,Erode,"#26, Annamalai Layout,Opp To Road Theatre",638011
411,Aravind Eye Hospital (Salem),Tamilnadu,Salem,"64, Sankagiri Main Road, Nethimedu, Salem, Tamilnadu-636002, Opposite To Kaliamman Temple",636002
412,Aravind Eye Hospital - Coimbatore,Tamilnadu,Coimbatore,"Avanashi Road, Coimbatore-641014Teelametu",641014
413,Aravind Eye Hospital - Pondicherry,Tamilnadu,Pondicherry,"Cuddalore Main Road,Abishekapakkam Post,Thavalakuppam, Pondicherry-605007Thavalakuppam",605007
414,Aravind Eye Hospital - Theni,Tamilnadu,Theni,"371,Periakulam Road,Allinagaram",625531
415,Aravind Eye Hospital - Tirunelveli,Tamilnadu,Tirunelveli,# 1. S.N. High Road,627001
417,Aravind Eye Hospital- Madhurai,Tamilnadu,Madurai,"1- Anna Nagar, Madurai-625020Madhurai",625020
418,Aravind Eye Hospital-Tirupur,Tamilnadu,Tirupur,"Dharapuram Main Road, K. Chettipalayam, Tirupur, Tamilnadu",641608
421,Aravind Sai Eye Hospital,Tamilnadu,Chennai,"# 1, Ganesan Street,Pammal Main Road Krishna Nagar",600075
433,Ark Nursing Home,Tamilnadu,Krishnagiri,"29-A, 4Th Cross,Co Operative Colony Near Employment Officeco-Ops Colony",635001
439,Arokya Hospital,Tamilnadu,Chennai,"#32, Pillayar Koil Street",600078
447,Arthur Astrvatham Hospital,Tamilnadu,Madurai,"No.42-A,Kuruvikaran Salai,",625020
448,Arul Hospital,Tamilnadu,Trichy,"#6A,T.V.K.Nagar,Puthur",620017
449,Arul Mission Hospital,Tamilnadu,Tirunelveli,"7A1 & 2,North Main Road,Vallioor",627117
451,Arun Hospital,Tamilnadu,Madurai,"#186,Munichalai Road,",625009
452,Arun Hospital (Pollachi),Tamilnadu,Pollachi,"49/84, New Scheme Roadpollachi Coimbatore",642002
453,Arun Hospital (Theni),Tamilnadu,Theni,"51, Uthamapalayam Road,Bus Stand Bodinayakanur",625513
458,Arunn Surgery,Tamilnadu,Coimbatore,"Dr.Nanjappa Road,",641018
462,Arunpriya Nursing Home,Tamilnadu,Nagapattanam,"3&4, Pattamangalam Street,Nagapattinam",609001
465,Arvinth Hospital,Tamilnadu,Namakkal,"# 17, Rangar Sannathi Street,Namakkal- 637001",637001
498,Ashok Hosptial,Tamilnadu,Hosur,"#10-A, 1St Cross, Old Banfalore Road, Hosur,",635109
507,Ashveny Clinic,Tamilnadu,Sivakasi,"1/6, Periyakaruppan Road,Sivakasi-626189",626189
511,Ashwin Hospital,Tamilnadu,Erode,"#212/545,Skc Road,Surampatti Nall Road,",638001
512,Ashwin Hospitals,Tamilnadu,Coimbatore,"#1, Alamu Nagar Road,Coimbatore-641012.",641012
536,Assured Best Care Hospital,Tamilnadu,Trichy,"#1, Annamalai Nagar Main Road Thillai Nagarannamalai Nagar",620018
539,Aswene Soundra Hospital & Research Centre,Tamilnadu,Chennai,"# 24,Kasturi Rangan Road,Teynampet",600018
548,Athipathi Hospital And Research Center,Tamilnadu,Chennai,"Plot No 1,100 Ft Rd,Tanni Nagar,Velachary",600042
550,Atlas Hospitals,Tamilnadu,Tiruchirapalli,"34/1-First Cross, V.N. Nagar, Near Chathiram Bus Stand, Tiruchirapalli-620002",620002
571,Avm Medical Ent Research Fundation,Tamilnadu,Chennai,"3, P.S.S. Road,Mylapore",600004
572,Avss Hospitals,Tamilnadu,Madurai,"# 32A, Kuruvikkaran Salai, Madurai-625009",625009
577,Aysha Hospital,Tamilnadu,Chennai,"91A Millers Road, Kilpauk",600010
590,B M Hospitals,Tamilnadu,Chennai,"36, 5Th Main Road,Thillai Ganga Nagarcheenai",600061
592,B.B Hospital,Tamilnadu,Chennai,"No.52,Dayalu Nagar,Kolathur,Near Villirakham Railway Station,",600099
593,B.G Hospital,Tamilnadu,Tiruchendur,"1/143-B,Tuticorin Road,Veerapandianpatnam, Tiruchendur",628216
602,B.M.Orthopaedic Hospital,Tamilnadu,Chennai,"No.3/157, Mth Road, Ambattur,Chennai - 53",600053
604,B.M.Silver Jubilee Multi Speciality Hospital,Tamilnadu,Kanchipuram,"41, Dharga Road, Pallavaram, Kancheepuram, Chennai-600043",600043
607,B.P.Jain Hospital,Tamilnadu,Kanchipuram,"Plot No.6,Gokulam Colony,Anna Salai,Pammal,Kanchipuram",600075
608,B.R. Hospital,Tamilnadu,Thiruvallur,"10&12, Alamaram Street, Tiruttani.",631209
610,B.S. Hospital,Tamilnadu,Chennai,"# 16, 3Rd Main Road,Chitlapakkam,",600064
611,B.S.S. Hospital,Tamilnadu,Chennai,"New No 200, Old # 179/1, R.K. Mutt Road, Mandaveli,",600028
614,Babus Maternity Hosptial,Tamilnadu,Chennai,"# 7, Doraisamy Reddy Street, Tabaram",600045
621,Bagdi Nursing Home,Tamilnadu,Chennai,"3Rd Floor, #10, Solaiappan Streett.Nagar",600017
628,Balagangadhara Varma Nursing Home & Research Center,Tamilnadu,Chennai,"No 17, First Main Road,Narayanapuram",601302
639,Balaji Hospital,Tamilnadu,Chengalpattu,"No.14,Varadanar Street,Vedachalanagar,Chengalpattuvedachala Nagar",603001
648,Balaji Surya Hospital,Tamilnadu,Erode,"#129,Pollachi Road,Dharapuram",638656
649,Balakrishna Eye Hospital & Eye Research Centre,Tamilnadu,Chennai,"11, Sastri First Cross Street, Chennai, Tamilnadu",600015
668,Bappu Clinic & Nursing Home,Tamilnadu,Chennai,"#46, Kalaingar Main Road,Srinivasa Nagar, Perungalatur,",600063
697,Be Well Hospitals Pvt Ltd,Tamilnadu,Pondicherry,"No. 15, Lawspet, Green Garden, Ecr, Pondicherry, Shenbaga Motors (Maruthi Show Room)",605008
704,Bejan Singh Eye Hospital Pvt Ltd,Tamilnadu,Kanyakumari,"No.2/1,313C,M.S.Road,Vettoornimadam,Nagercoil,",629003
720,Bethel Hospital (P) Ltd,Tamilnadu,Coimbatore,"# 223, Dr. Rajendra Prasad Road.",641012
723,Bgm Hospital,Tamilnadu,Madurai,"1/249,New Nathan Road,Iyyer Bungalow",625014
734,Bhagwan Mahaveer Eye Hospital,Tamilnadu,Chennai,"# 142, M.S. Koil Street, Royapuram.",600013
755,Bharani Paventhan Multi Speciality Hospital,Tamilnadu,Erode,"74, Sampath Nagar Erode Tamilnadu",638011
760,Bharath Hospital,Tamilnadu,Chennai,"# 72, I St Main Road,Nanganallur",600061
768,Bharathi Hospital,Tamilnadu,Virudhunagar,"# 592/2,Sri Renga Palayam,Rajapalayam",626117
805,Billroth Hospital Limited,Tamilnadu,Chennai,"#43, Lakshmi Takis Rd,Shenay Nagarshenoy Nagar, Chennai",600030
806,Billroth Hospitals - Ra Puram,Tamilnadu,Chennai,"#52, 2Nd Main Road, Raja Annamalai Puram,Raja Annamalai Puram",600028
848,Brs Hospital Pvt.Ltd,Tamilnadu,Chennai,No.28. Cathedral Garden Roadcathedral Gardens Road,600034
857,C.K. Hospital,Tamilnadu,Erode,"# 41, Balasubbarayalu Streeterode",638001
861,C.S.I. Kalyani General Hospital,Tamilnadu,Chennai,"15, Dr Radhakrishnan Salai, Mylapore, Chennai-600004, Next To City Centre",600004
863,C.S.I. Rainy Multi-Speciality Hospital,Tamilnadu,Chennai,"#45, G.A. Road Chennai",600021
865,C.S.M Nursing Home,Tamilnadu,Chennai,"# 18, Rukmani Street,West Mambalam",600033
884,Cauvery Trust Hospital,Tamilnadu,Chennai,"No.36,Ponnankinaru Street,Villivakkam,",600049
944,Chandra Hospital,Tamilnadu,Madurai,"# 10, Pillayarpalayam Road",625001
975,Chennai Eye Care Hospital,Tamilnadu,Chennai,"#6,12Th Cross Street,Dhandeeswaran Nagar,Velachery",600042
976,Chennai Krishna Hospital,Tamilnadu,Chennai,"No.297, Gst Road, Near Mit Flyover, Chromepet, Chennai, Tamilnadu",600044
977,Chennai Meenakshi Multispeciality Hospital Ltd.,Tamilnadu,Chennai,"# 148, Luz Church Road, Malapore, Chennai, Tamilnadu.",600004
980,Chettinad Super Speciality Hospital (Cssh)-(A Unit Of Rajah Muthiah Charitable And Educational Trust),Tamilnadu,Chennai,"I.T. Highway,Kelambakkam",603103
984,Child Jesus Hospital,Tamilnadu,Trichy,"P Box No 17, Cantonment, Tiruchirappalli, Trichy-620001Near To All India Radio Station",620001
1005,Chitra Kalyana Raman Nursing Home,Tamilnadu,Salem,"56,A/1,Rajaji Road",636007
1007,Chitras Ent Laser Surgery Super Speciality Hospital,Tamilnadu,Chennai,"30C, Cathedral Garden Lane,Nungambakkam.",600034
1016,Christian Hospital,Tamilnadu,Madurai,"Vaigai Dam Road, Periyakulam,Perivakulam- 625 601",625601
1020,Christudas Orthopaedic Speciality Hospital,Tamilnadu,Chennai,"#9.Duraiswamy Ngr. I.A.F. Road, Tamilnadu Chennai 59",600059
1036,City Hospital,Tamilnadu,Erode,"#87,Rkv Road,Near Chennai Silks",638003
1037,City Hospital,Tamilnadu,Tuticorin,"106, G/8A, Palai Main Road (W)Millerpuram Corner,",628008
1044,City Hospital Pavalam Trauma Centre,Tamilnadu,Dindigul,4/361 Gandhiji Nagar Trichy Road,624005
1052,Clinic Nallam,Tamilnadu,Pondicherry,"86,Eswaran Koil Street",605001
1059,Coimbatore Bone And Joint Foundation Pvt Ltd,Tamilnadu,Coimbatore,"#1091-Mettupalayam Road,North Coimbatore Bus Stop,R.S.Puram",641002
1060,Coimbatore Kidney Centre,Tamilnadu,Coimbatore,"738-B, Puliakulam Road, Coimbatore, Tamilnadu",641045
1077,Crescent Hospitals,Tamilnadu,Madurai,"37/1,Sivaganga Road,Opp To Aavin Milk Project",625020
1083,Csi Hospital,Tamilnadu,Kanchipuram,No.21.Hospital Roadkanchipuram,631502
1085,Csr Nursing Home,Tamilnadu,Coimbatore,"# 272, 7Th Street Extension,Gandhipuram, Coimbatore-641012",641012
1102,D.S.K. Hospital,Tamilnadu,Coimbatore,"# 19, Kadirnagar, Kangeyam Road, Tirupur.",641604
1114,Darshan Surgical Centre Llp,Tamilnadu,Chennai,"Block T-80, New No-24 5Th Main Road",600040
1144,Deepa Kannan Hospital,Tamilnadu,Karur,"# 33,Muthunagar,Karur",639002
1151,Deepam Eye Hospital,Tamilnadu,Chennai,"#72,Medavakkam,Tank Road,Kilpauk",600010
1152,Deepam Hospital,Tamilnadu,Chennai,"#327, Muthurangam Road,Tambaram(West),Kanchipuram,West Tambaram",600045
1153,Deepam Hospital,Tamilnadu,Coimbatore,"687, Trichy Road.",641045
1154,Deepam Hospital,Tamilnadu,Valapady,"#128,Ayya Gounder Street,Opp Police Station",636115
1155,Deepam Hospital Ltd,Tamilnadu,Chennai,"30, Ayyasamy Street,",600044
1156,Deepam Hospital Ltd,Tamilnadu,Chennai,"107-A, Gst Road, Chennai",600044
1160,Deepika Eye Care Hospital,Tamilnadu,Kanchipuram,"1564/4D,Chengalpet Road",602105
1163,Deepthi Hospital,Tamilnadu,Namakkal,"31-A,Mohanur Road",637001
1183,Devadoss Multispeciality Hospital,Tamilnadu,Madurai,"#75/1,Alagarkovil Main Roadsurveyor Colony,",625007
1184,Devaki Cancer Institute,Tamilnadu,Madurai,"#26,Theni Main Road,Arasaradi,Near Bypass Road",625016
1185,Devaki Hospital,Tamilnadu,Sivagangai,"No.6/1,Kamban Mani Mandapam Road,Karaikudi,",630001
1191,Devi Priya Hospital,Tamilnadu,Madurai,"12/54, A2G, T.B. Road,Usilampattiusilampatti, Madurai-625532.",625532
1219,Dharan Hospital,Tamilnadu,Salem,"14,Seela Naicken Patti By Pass. On A National Highway Salem",636201
1224,Dhiviya Nursing Home,Tamilnadu,Erode,"306, Chennimalai Road, Kangayam",638701
1232,Dinesh Nursing Home,Tamilnadu,Madurai,"No.6-1-33,West Street,Viswanathapuram, Madurai-625014",625014
1250,Doctor Rex'S Hospital,Tamilnadu,Chennai,"# 37, Millers Road, Kilpauk",600010
1257,Dr Agarwal'S Eye Hospital Ltd,Tamilnadu,Chennai,"19, Cathedral Road",600086
1258,Dr Agarwal'S Eye Hospital Ltd (Nanganallur),Tamilnadu,Nanganallur,"Ophthalmology Dept Margreet Sydney Hospital No 13, 2Nd Street Nanganallur Chennai-600061",600061
1262,Dr Agarwals Eye Hospital Ltd,Tamilnadu,Chennai,"#107, A Block 3Rd Avenue Anna Nagar Near",600040
1263,Dr Agarwals Eye Hospital Ltd,Tamilnadu,Chennai,"#33,7Th Avenue,Ashok Nagar",600083
1264,Dr Agarwals Eye Hospital Ltd,Tamilnadu,Chennai,"No-6, Duraisamy Street Tdk Towers Tambaram",600045
1265,Dr Agarwals Eye Hospital Ltd,Tamilnadu,Kanchipuram,"#32-B,Indiragandhi Road Opp Taluk Office",631502
1266,Dr Agarwals Eye Hospital Ltd (Dharmapuri),Tamilnadu,Dharmapuri,"136 1St Floor,Nethaji Bye Pass Road",636701
1267,Dr Agarwals Eye Hospital Ltd (Gopalapuram),Tamilnadu,Chennai,Retina Foudation No 31 1St Street Gopalapuram,600086
1268,Dr Agarwals Eye Hospital Ltd (Kumbakonam),Tamilnadu,Kumbakonam,"2/381, Indiranagar,Kumbakonam",612001
1269,Dr Agarwals Eye Hospital Ltd (Periyar Nagar),Tamilnadu,Chennai,"B-63, Siva Elango Salai 70Feet Road, Periyar Nagar",600082
1270,Dr Agarwals Eye Hospital Ltd (Salem),Tamilnadu,Salem,"#114/7,Gandhi Road,Salem",636007
1271,Dr Agarwals Eye Hospital Ltd (Villupuram),Tamilnadu,Villupuram,"#19, Trichy Trunk Road,Near To Villupuram Signal",605602
1277,Dr Kamakshi National Hospital,Tamilnadu,Chennai,No 12 Jaffer Serang Streetsecond Line Beach Chennai,600001
1280,Dr Lankesh Eye Hospital Pvt Ltd,Tamilnadu,Ashok Nagar,No-2 41St Street. 6Th Avenue. Ashok Nagarashok Nagar,600083
1284,Dr Manoharan Hospital,Tamilnadu,Coimbatore,"No.1210,Thadagam Road,Near To Aavin Milk Company,R.S. Puram,",641002
1293,Dr. A. Ansari Hospital,Tamilnadu,Nagapattanam,"# 20, Naganathar Sannadhi, Nagapattinam, Tamilnadu",611001
1294,Dr. A. Govindarajan Eye Hospitals,Tamilnadu,Trichy,"No: 6, Officer'S Colony, Puthur Tiruchirapalli-620017Trichy",620017
1300,Dr. Arvind Vision Care,Tamilnadu,Chennai,"#61, Reddy Palayam Road, Mogappair West, Chennai, Tamilnadu",600037
1316,Dr. G.C. Hospital,Tamilnadu,Karur,"#30, North Pradakshanam Road, Karur, Tamilnadu.",639001
1322,Dr. Grace George Hospital,Tamilnadu,Chennai,"# 34, Udayavar Koil Street,Thirumizhisai, Poonamalee.",600029
1325,Dr. Jacquline Divyananda (Divya Hospital),Tamilnadu,Chennai,"# 20, Medavakkam Main Road, Madipakkam",600091
1329,Dr. Jeyasekharan Medical Trust,Tamilnadu,Nagercoil,"#1159, K.P. Road, Nagerkoil.",629003
1331,Dr. K.M. Nallaswamy Hospital,Tamilnadu,Erode,"#93, Power House Road,Erode",638001
1339,Dr. Kumaraswami Health Centre ( A Unit Of Indian Medical Centre),Tamilnadu,Kanyakumari,"N.H. Road # 47, 1/4C,1/4D,1/4E Perumalpuramperumalpuram, Kanyakumari.",629703
1341,Dr. Loganathan Orthopaedic Hospital,Tamilnadu,Erode,"606/A, Mettur Main Road, Bhavani,",638301
1347,Dr. Mehta'S Multispeciality Hospital Pvt Ltd.,Tamilnadu,Chennai,"2 (E), Mc. Nicholas Road, Chennai, Opposite To Chetpet Police Station.",600031
